"Time (s)","Gyroscope x (rad/s)","Gyroscope y (rad/s)","Gyroscope z (rad/s)","Absolute (rad/s)"
4.911204400E-2,5.135724321E-3,5.352906883E-3,2.716908930E-3,7.900055097E-3
5.911204400E-2,5.164469127E-3,5.441270303E-3,2.521018963E-3,7.914208772E-3
6.911204400E-2,-5.012228619E-3,5.169792101E-3,2.560409950E-3,7.642308893E-3
7.911204400E-2,-5.256026518E-3,5.256026518E-3,-2.581702312E-3,7.868723933E-3
8.911204400E-2,-5.068653263E-3,-5.054813344E-3,2.523148200E-3,7.590036935E-3
9.911204400E-2,-5.259220023E-3,5.414654501E-3,-2.500791103E-3,7.951844739E-3
1.091120440E-1,-5.307128187E-3,-5.394427106E-3,-2.578508342E-3,7.994633116E-3
1.191120440E-1,5.135724321E-3,-5.117625929E-3,-2.633868484E-3,7.713820237E-3
1.291120440E-1,5.092075095E-3,-5.111237988E-3,-2.582766814E-3,7.663202134E-3
1.391120440E-1,5.484919529E-3,5.343324970E-3,-2.501855837E-3,8.055727566E-3
1.491120440E-1,5.320968106E-3,5.389103666E-3,2.673259471E-3,8.031279855E-3
1.591120440E-1,5.437011831E-3,-5.406137556E-3,-2.605123911E-3,8.097783123E-3
1.691120440E-1,5.086751655E-3,5.465756636E-3,2.531665144E-3,7.884089447E-3
1.791120440E-1,5.020745564E-3,5.427429918E-3,-2.532729646E-3,7.815343946E-3
1.891120440E-1,5.004776176E-3,-5.048425402E-3,-2.722231904E-3,7.612156735E-3
1.991120440E-1,5.266672466E-3,-5.043102428E-3,-2.558280714E-3,7.727581845E-3
2.091120440E-1,-5.364617798E-3,5.366746802E-3,2.681776416E-3,8.048168742E-3
2.191120440E-1,-5.326291081E-3,5.212376826E-3,-2.601929940E-3,7.893559923E-3
2.291120440E-1,5.437011831E-3,5.332679022E-3,2.624287037E-3,8.055150256E-3
2.391120440E-1,5.242186133E-3,5.408267025E-3,-2.666871762E-3,7.990123444E-3
2.491120440E-1,5.313515663E-3,-5.283706356E-3,-2.683905652E-3,7.959544654E-3
2.591120440E-1,5.264543463E-3,5.040973425E-3,-2.712650457E-3,7.777229805E-3
2.691120440E-1,5.130401347E-3,-5.143176764E-3,2.704133512E-3,7.751491680E-3
2.791120440E-1,5.282641854E-3,-5.117625929E-3,-2.740330528E-3,7.848936967E-3
2.891120440E-1,5.345454440E-3,-5.104850512E-3,-2.593412995E-3,7.833209615E-3
2.991120440E-1,5.099527538E-3,-5.113367457E-3,-2.593412995E-3,7.673167457E-3
3.091120440E-1,4.784400109E-3,-5.121884402E-3,-2.596606966E-3,7.474393084E-3
3.191120440E-1,4.472466651E-3,-5.119754933E-3,-2.595542232E-3,7.276791051E-3
3.291120440E-1,4.161597695E-3,-5.129336845E-3,-2.571056131E-3,7.087970194E-3
3.391120440E-1,3.849664005E-3,-5.128271878E-3,-2.568926895E-3,6.907855730E-3
3.491120440E-1,2.048327820E-3,-1.185879670E-2,-4.208440892E-3,1.274902666E-2
3.591120440E-1,1.288189553E-3,-1.999674737E-2,-6.451594178E-3,2.105118537E-2
3.691120440E-1,1.443624031E-3,-3.030013479E-2,-8.671325631E-3,3.154955003E-2
3.791120440E-1,1.059296425E-3,-4.113476723E-2,-1.190883387E-2,4.283703431E-2
3.891120440E-1,1.221118495E-3,-5.454684421E-2,-1.489722077E-2,5.655772742E-2
3.991120440E-1,9.091850370E-4,-1.130157486E-1,-1.871920377E-2,1.145591316E-1
4.091120440E-1,6.015099934E-4,-1.403519809E-1,-2.182789333E-2,1.420404776E-1
4.191120440E-1,2.842534159E-4,-1.681215167E-1,-2.585854195E-2,1.700987636E-1
4.291120440E-1,-2.661548751E-5,-2.084748447E-1,-2.843811549E-2,2.104055322E-1
4.391120440E-1,-3.310966713E-4,-2.548443675E-1,-3.032675013E-2,2.566426953E-1
4.491120440E-1,-6.409009220E-4,-2.998287976E-1,-3.150102496E-2,3.014797393E-1
4.591120440E-1,-9.464467294E-4,-3.438710272E-1,-3.223241866E-2,3.453796577E-1
4.691120440E-1,-1.250927919E-3,-3.825805783E-1,-3.275727853E-2,3.839824254E-1
4.791120440E-1,-1.563925995E-3,-4.183603227E-1,-3.205888718E-2,4.195897732E-1
4.891120440E-1,-2.356748097E-2,-4.475830495E-1,-2.967733331E-2,4.491845462E-1
4.991120440E-1,-4.749906436E-2,-4.715359509E-1,-2.707859688E-2,4.746952333E-1
5.091120440E-1,-7.312977314E-2,-4.879747331E-1,-2.370907553E-2,4.939933442E-1
5.191120440E-1,-9.982404858E-2,-4.988519549E-1,-1.954215579E-2,5.091168918E-1
5.291120440E-1,-1.288072467E-1,-5.025642514E-1,-1.458954532E-2,5.190134762E-1
5.391120440E-1,-1.583536267E-1,-5.036491156E-1,-9.699747898E-3,5.280458198E-1
5.491120440E-1,-1.870483160E-1,-4.958231151E-1,-5.363552831E-3,5.299588679E-1
5.591120440E-1,-2.155748010E-1,-4.847702086E-1,-1.461722539E-3,5.305438593E-1
5.691120440E-1,-2.347507179E-1,-4.615199864E-1,6.909380318E-4,5.177925017E-1
5.791120440E-1,-2.516483665E-1,-4.325463772E-1,2.177146729E-3,5.004278257E-1
5.891120440E-1,-2.624436021E-1,-4.067549109E-1,1.297771116E-3,4.840742568E-1
5.991120440E-1,-2.732069194E-1,-3.822686672E-1,-1.477691811E-3,4.698654471E-1
6.091120440E-1,-2.818292677E-1,-3.643042743E-1,-6.857214030E-3,4.606434216E-1
6.191120440E-1,-2.899225056E-1,-3.543309271E-1,-1.341101155E-2,4.580232750E-1
6.291120440E-1,-2.973971963E-1,-3.530821204E-1,-2.242620848E-2,4.621850397E-1
6.391120440E-1,-3.045077920E-1,-3.614276648E-1,-3.315544501E-2,4.737660137E-1
6.491120440E-1,-3.125286400E-1,-3.788097203E-1,-4.527400807E-2,4.931740979E-1
6.591120440E-1,-3.194284439E-1,-4.038091004E-1,-5.928865820E-2,5.182774019E-1
6.691120440E-1,-3.254499137E-1,-4.336163104E-1,-7.481294125E-2,5.473003994E-1
6.791120440E-1,-3.308603168E-1,-4.665056169E-1,-9.120595455E-2,5.791498648E-1
6.891120440E-1,-3.372491002E-1,-4.880609512E-1,-1.066706106E-1,6.027595432E-1
6.991120440E-1,-3.424508274E-1,-5.103232265E-1,-1.222044751E-1,6.266069728E-1
7.091120440E-1,-3.499446809E-1,-5.229251385E-1,-1.380662471E-1,6.441849647E-1
7.191120440E-1,-3.548312783E-1,-5.286293626E-1,-1.537587345E-1,6.549778527E-1
7.291120440E-1,-3.593367636E-1,-5.196205378E-1,-1.692617238E-1,6.540473561E-1
7.391120440E-1,-3.612743616E-1,-4.997408986E-1,-1.842845678E-1,6.435999783E-1
7.491120440E-1,-3.619567752E-1,-4.624313116E-1,-1.999589652E-1,6.203539416E-1
7.591120440E-1,-3.604077697E-1,-4.125400484E-1,-2.153533548E-1,5.886086301E-1
7.691120440E-1,-3.576929867E-1,-3.380113542E-1,-2.325884849E-1,5.443283491E-1
7.791120440E-1,-3.526466787E-1,-2.489271909E-1,-2.508477569E-1,4.992484587E-1
7.891120440E-1,-3.451900780E-1,-1.546508819E-1,-2.698895633E-1,4.646648917E-1
7.991120440E-1,-3.381274045E-1,-5.786419660E-2,-2.899959683E-1,4.491949115E-1
8.091120440E-1,-3.291143477E-1,3.527829424E-2,-3.107975721E-1,4.540439877E-1
8.191120440E-1,-3.211839795E-1,1.299155205E-1,-3.337369263E-1,4.810587565E-1
8.291120440E-1,-2.883372903E-1,2.201569229E-1,-3.590972126E-1,5.104490883E-1
8.391120440E-1,-2.545334697E-1,3.062079847E-1,-3.854220510E-1,5.541667388E-1
8.491120440E-1,-2.186941355E-1,3.799094558E-1,-4.131947756E-1,6.024020602E-1
8.591120440E-1,-1.836064011E-1,4.435417652E-1,-4.422897696E-1,6.527333670E-1
8.691120440E-1,-1.470239460E-1,4.904116392E-1,-4.733905196E-1,6.972934824E-1
8.791120440E-1,-1.120416224E-1,5.263904333E-1,-5.042676926E-1,7.375134705E-1
8.891120440E-1,-7.846458256E-2,5.419222116E-1,-5.345156193E-1,7.652080249E-1
8.991120440E-1,-4.710409045E-2,5.441930294E-1,-5.648540854E-1,7.857639508E-1
9.091120440E-1,-2.552957460E-2,5.247115493E-1,-5.933741927E-1,7.925067203E-1
9.191120440E-1,-8.234831505E-3,4.901816845E-1,-6.211692691E-1,7.913262015E-1
9.291120440E-1,2.045134082E-3,4.513624609E-1,-6.467244029E-1,7.886600706E-1
9.391120440E-1,1.112740301E-2,4.084572196E-1,-6.699395180E-1,7.847165584E-1
9.491120440E-1,1.704988070E-2,3.671318889E-1,-6.905217767E-1,7.822383565E-1
9.591120440E-1,2.078243718E-2,3.196424246E-1,-7.096231580E-1,7.785680546E-1
9.691120440E-1,1.881927811E-2,2.737094164E-1,-7.253625393E-1,7.755139091E-1
9.791120440E-1,1.901410334E-2,2.336584181E-1,-7.398785949E-1,7.761302259E-1
9.891120440E-1,1.630997099E-2,2.028142661E-1,-7.528648376E-1,7.798750576E-1
9.991120440E-1,1.352066733E-2,1.805658489E-1,-7.641466260E-1,7.853068829E-1
1.009112044E0,1.566268131E-2,1.671026796E-1,-7.739389539E-1,7.919281088E-1
1.019112044E0,1.971036568E-2,1.597504169E-1,-7.835705876E-1,7.999322221E-1
1.029112044E0,2.521870658E-2,1.615751684E-1,-7.930914760E-1,8.097756525E-1
1.039112044E0,2.981573343E-2,1.697642207E-1,-8.028050661E-1,8.210997764E-1
1.049112044E0,3.486948088E-2,1.780320555E-1,-8.127081394E-1,8.327099215E-1
1.059112044E0,3.870530427E-2,1.865490079E-1,-8.226516843E-1,8.444255009E-1
1.069112044E0,4.195665196E-2,1.905243099E-1,-8.339813948E-1,8.564956743E-1
1.079112044E0,4.339921474E-2,1.894799173E-1,-8.458369970E-1,8.678861426E-1
1.089112044E0,4.390490800E-2,1.791616231E-1,-8.584538102E-1,8.780486731E-1
1.099112044E0,4.276470095E-2,1.701421589E-1,-8.706085682E-1,8.881083565E-1
1.109112044E0,4.075044021E-2,1.563436240E-1,-8.838428259E-1,8.984887690E-1
1.119112044E0,3.699765727E-2,1.342400014E-1,-8.964276910E-1,9.071779372E-1
1.129112044E0,3.145099059E-2,1.039302796E-1,-9.090477228E-1,9.155099290E-1
1.139112044E0,2.618964016E-2,6.486939639E-2,-9.210161567E-1,9.236691489E-1
1.149112044E0,1.945804991E-2,1.991796680E-2,-9.322766066E-1,9.326923460E-1
1.159112044E0,1.351853833E-2,-3.227394074E-2,-9.419338107E-1,9.425835039E-1
1.169112044E0,6.328098010E-3,-8.904051781E-2,-9.502974749E-1,9.544807747E-1
1.179112044E0,-1.171081458E-4,-1.523566246E-1,-9.568278193E-1,9.688818456E-1
1.189112044E0,-7.164889015E-3,-2.157046795E-1,-9.621849656E-1,9.860931763E-1
1.199112044E0,-1.324599516E-2,-2.795722783E-1,-9.663412571E-1,1.006057424E0
1.209112044E0,-1.915569790E-2,-3.387576640E-1,-9.689932466E-1,1.026679895E0
1.219112044E0,-2.387941442E-2,-3.942286074E-1,-9.714131355E-1,1.048632396E0
1.229112044E0,-3.964642808E-2,-4.398603141E-1,-9.740693569E-1,1.069513930E0
1.239112044E0,-4.776415229E-2,-4.761372209E-1,-9.770023823E-1,1.087897846E0
1.249112044E0,-5.611928552E-2,-5.018307567E-1,-9.799854159E-1,1.102431357E0
1.259112044E0,-6.129972637E-2,-5.150437355E-1,-9.838297963E-1,1.112181988E0
1.269112044E0,-6.517706811E-2,-5.171942711E-1,-9.887483120E-1,1.117748267E0
1.279112044E0,-6.663560122E-2,-5.076158643E-1,-9.955639839E-1,1.119491766E0
1.289112044E0,-6.618952006E-2,-4.892778099E-1,-1.003708363E0,1.118572441E0
1.299112044E0,-6.250061840E-2,-4.483793974E-1,-1.013498545E0,1.110013383E0
1.309112044E0,-5.273805559E-2,-3.960384429E-1,-1.025805593E0,1.100865507E0
1.319112044E0,-4.358232766E-2,-3.348909616E-1,-1.038599133E0,1.092126154E0
1.329112044E0,-3.032355756E-2,-2.707135677E-1,-1.052665949E0,1.087341232E0
1.339112044E0,-1.690722257E-2,-2.066639364E-1,-1.066850901E0,1.086814925E0
1.349112044E0,-1.269026380E-2,-1.460987926E-1,-1.081141353E0,1.091041944E0
1.359112044E0,-8.526537567E-3,-9.029570222E-2,-1.094478846E0,1.098230376E0
1.369112044E0,-3.810273018E-3,-4.179057479E-2,-1.106757164E0,1.107552432E0
1.379112044E0,-8.623417671E-5,-2.458206378E-3,-1.116830587E0,1.116833296E0
1.389112044E0,4.947286565E-3,2.971353009E-2,-1.125583887E0,1.125986881E0
1.399112044E0,7.857955992E-3,5.206947401E-2,-1.131890655E0,1.133114924E0
1.409112044E0,6.792272441E-3,6.663133949E-2,-1.135996938E0,1.137969645E0
1.419112044E0,7.096753456E-3,7.180964947E-2,-1.137377739E0,1.139664473E0
1.429112044E0,7.405492943E-3,7.165101916E-2,-1.136944413E0,1.139223994E0
1.439112044E0,7.712103426E-3,5.261136591E-2,-1.135257006E0,1.136501606E0
1.449112044E0,1.114975940E-2,2.490677312E-2,-1.131059170E0,1.131388311E0
1.459112044E0,1.327899843E-2,-8.502051234E-3,-1.126897573E0,1.127007878E0
1.469112044E0,1.743633859E-2,-4.672721401E-2,-1.121665001E0,1.122773278E0
1.479112044E0,2.129771188E-2,-8.328411728E-2,-1.117031813E0,1.120334730E0
1.489112044E0,2.440320700E-2,-1.204627603E-1,-1.112805247E0,1.119572379E0
1.499112044E0,2.837849781E-2,-1.517806649E-1,-1.109821081E0,1.120511286E0
1.509112044E0,3.009679355E-2,-1.787741035E-1,-1.107954860E0,1.122688723E0
1.519112044E0,3.177995607E-2,-1.970557421E-1,-1.107799411E0,1.125637804E0
1.529112044E0,3.155106306E-2,-2.101601511E-1,-1.108338118E0,1.128528308E0
1.539112044E0,3.169159219E-2,-2.157206535E-1,-1.109957337E0,1.131169770E0
1.549112044E0,2.605336718E-2,-2.155492455E-1,-1.111840725E0,1.132841583E0
1.559112044E0,2.605975606E-2,-2.090795487E-1,-1.114072084E0,1.133820964E0
1.569112044E0,2.995413356E-2,-1.992435306E-1,-1.116552711E0,1.134585911E0
1.579112044E0,3.298297524E-2,-1.873655766E-1,-1.117996335E0,1.134067697E0
1.589112044E0,3.660161793E-2,-1.743963808E-1,-1.119396329E0,1.133491031E0
1.599112044E0,3.921632469E-2,-1.618083268E-1,-1.119361162E0,1.131675424E0
1.609112044E0,4.179695994E-2,-1.486591995E-1,-1.118380666E0,1.128991522E0
1.619112044E0,4.335450009E-2,-1.407884806E-1,-1.114884377E0,1.124574667E0
1.629112044E0,4.435417801E-2,-1.323684007E-1,-1.109768987E0,1.118515038E0
1.639112044E0,4.412102699E-2,-1.309162527E-1,-1.102779746E0,1.111399522E0
1.649112044E0,4.314157367E-2,-1.304233372E-1,-1.093999743E0,1.102590985E0
1.659112044E0,4.083241522E-2,-1.358252168E-1,-1.084094524E0,1.093332847E0
1.669112044E0,3.826242313E-2,-1.433584690E-1,-1.072923541E0,1.083134612E0
1.679112044E0,3.473427519E-2,-1.544560641E-1,-1.060993433E0,1.072739582E0
1.689112044E0,3.125509992E-2,-1.685250103E-1,-1.048513889E0,1.062430674E0
1.699112044E0,2.782595903E-2,-1.838193238E-1,-1.035979033E0,1.052528567E0
1.709112044E0,2.394329198E-2,-2.007936239E-1,-1.023283482E0,1.043072598E0
1.719112044E0,2.087399364E-2,-2.143100351E-1,-1.011869669E0,1.034526337E0
1.729112044E0,1.182259899E-2,-2.292860299E-1,-1.000442147E0,1.026448414E0
1.739112044E0,-1.236023265E-3,-2.383587211E-1,-9.910255075E-1,1.019287969E0
1.749112044E0,-1.406042930E-2,-2.454756945E-1,-9.821125269E-1,1.012423344E0
1.759112044E0,-2.880327962E-2,-2.453511357E-1,-9.755768180E-1,1.006368191E0
1.769112044E0,-4.472253472E-2,-2.430611402E-1,-9.701174498E-1,1.001102737E0
1.779112044E0,-6.108467281E-2,-2.314323038E-1,-9.663497806E-1,9.955521819E-1
1.789112044E0,-7.880952209E-2,-2.175177336E-1,-9.636169076E-1,9.910007315E-1
1.799112044E0,-9.850178659E-2,-1.966692805E-1,-9.615377188E-1,9.863752797E-1
1.809112044E0,-1.208460256E-1,-1.696428508E-1,-9.613034725E-1,9.836090814E-1
1.819112044E0,-1.427590847E-1,-1.405617148E-1,-9.609138370E-1,9.815768712E-1
1.829112044E0,-1.631795466E-1,-1.053462252E-1,-9.616654515E-1,9.810840088E-1
1.839112044E0,-1.847359687E-1,-6.745535135E-2,-9.621689916E-1,9.820625086E-1
1.849112044E0,-2.045677006E-1,-4.929188266E-2,-9.631112218E-1,9.858300357E-1
1.859112044E0,-2.270982414E-1,-3.267955780E-2,-9.638245106E-1,9.907569086E-1
1.869112044E0,-2.486610413E-1,-1.591712609E-2,-9.654554725E-1,9.970907369E-1
1.879112044E0,-2.704857290E-1,-1.185986097E-3,-9.668118358E-1,1.003936782E0
1.889112044E0,-2.928118706E-1,1.234958600E-2,-9.688484669E-1,1.012204849E0
1.899112044E0,-3.156319857E-1,2.382298931E-2,-9.713992476E-1,1.021669019E0
1.909112044E0,-3.402864635E-1,3.321506456E-2,-9.739756584E-1,1.032243528E0
1.919112044E0,-3.653348088E-1,4.095697775E-2,-9.766574502E-1,1.043554872E0
1.929112044E0,-3.922707736E-1,4.661862180E-2,-9.797650576E-1,1.056403911E0
1.939112044E0,-4.202319384E-1,5.013399571E-2,-9.832144380E-1,1.070429321E0
1.949112044E0,-4.478843510E-1,5.075786263E-2,-9.863667488E-1,1.084479652E0
1.959112044E0,-4.748756588E-1,5.127101019E-2,-9.903910160E-1,1.099549895E0
1.969112044E0,-5.024695396E-1,4.894588143E-2,-9.941768050E-1,1.115015183E0
1.979112044E0,-5.280065536E-1,4.661223665E-2,-9.977251887E-1,1.129787225E0
1.989112044E0,-5.461508632E-1,4.209611937E-2,-1.000733852E0,1.140842273E0
1.999112044E0,-5.569588542E-1,3.820174187E-2,-1.002695918E0,1.147633061E0
2.009112044E0,-5.643696785E-1,3.247941285E-2,-1.003491163E0,1.151764976E0
2.019112044E0,-5.682682991E-1,2.776314691E-2,-1.003129244E0,1.153242356E0
2.029112044E0,-5.676263571E-1,2.376762964E-2,-1.002048612E0,1.151896697E0
2.039112044E0,-5.615686774E-1,2.089315653E-2,-9.997575283E-1,1.146870097E0
2.049112044E0,-5.523841977E-1,1.991157793E-2,-9.968606830E-1,1.139849110E0
2.059112044E0,-5.396481752E-1,1.859783754E-2,-9.932910204E-1,1.130572016E0
2.069112044E0,-5.165959597E-1,-2.502920339E-3,-9.895861745E-1,1.116314672E0
2.079112044E0,-4.881812632E-1,-2.901939861E-2,-9.847772717E-1,1.099522326E0
2.089112044E0,-4.584006667E-1,-5.305957049E-2,-9.806305766E-1,1.083781720E0
2.099112044E0,-4.255837798E-1,-7.829318196E-2,-9.761389494E-1,1.067754009E0
2.109112044E0,-3.949812949E-1,-9.907029569E-2,-9.719613791E-1,1.053818803E0
2.119112044E0,-3.636697531E-1,-1.215465441E-1,-9.676198959E-1,1.040825401E0
2.129112044E0,-3.425519764E-1,-1.445944905E-1,-9.635902643E-1,1.032838623E0
2.139112044E0,-3.186331689E-1,-1.742473394E-1,-9.592232108E-1,1.025669732E0
2.149112044E0,-2.965039909E-1,-1.446466595E-1,-9.548732042E-1,1.010257447E0
2.159112044E0,-2.732175589E-1,-1.508363485E-1,-9.501878023E-1,1.000128141E0
2.169112044E0,-2.523542047E-1,-1.601368636E-1,-9.450765252E-1,9.912094119E-1
2.179112044E0,-2.332964540E-1,-1.604413539E-1,-9.399344325E-1,9.816544203E-1
2.189112044E0,-2.164424658E-1,-1.607543528E-1,-9.341951013E-1,9.723218552E-1
2.199112044E0,-1.774518341E-1,-1.607490182E-1,-9.294532537E-1,9.597982867E-1
2.209112044E0,-1.212718710E-1,-1.607554108E-1,-9.218487144E-1,9.435858313E-1
2.219112044E0,-7.903947681E-2,-1.607681811E-1,-9.157026410E-1,9.330621489E-1
2.229112044E0,-3.528787568E-2,-1.607596725E-1,-9.071558714E-1,9.219656618E-1
2.239112044E0,5.897991941E-4,-1.607692540E-1,-8.983195424E-1,9.125925165E-1
2.249112044E0,4.277321696E-2,-1.607564837E-1,-8.870058060E-1,9.024696643E-1
2.259112044E0,7.673244923E-2,-1.607426405E-1,-8.760913610E-1,8.940146185E-1
2.269112044E0,1.197750121E-1,-1.607383788E-1,-8.625259399E-1,8.855133410E-1
2.279112044E0,1.544209272E-1,-1.607426405E-1,-8.493257165E-1,8.780878042E-1
2.289112044E0,1.946880221E-1,-1.607373208E-1,-8.340963721E-1,8.714681120E-1
2.299112044E0,2.334093004E-1,-1.607394367E-1,-8.184773326E-1,8.661536885E-1
2.309112044E0,2.750369906E-1,-1.607351899E-1,-8.023951650E-1,8.633186829E-1
2.319112044E0,3.217673898E-1,-1.607351899E-1,-7.855678201E-1,8.639947074E-1
2.329112044E0,3.621303141E-1,-1.607458293E-1,-7.693930268E-1,8.654150541E-1
2.339112044E0,3.847768903E-1,-1.607436985E-1,-7.514722943E-1,8.594198049E-1
2.349112044E0,3.721111119E-1,-1.607436985E-1,-7.360502481E-1,8.402828000E-1
2.359112044E0,3.713999689E-1,-1.607394367E-1,-7.195699215E-1,8.255640347E-1
2.369112044E0,3.602299690E-1,-1.607330590E-1,-7.068541050E-1,8.094711067E-1
2.379112044E0,3.499297798E-1,-1.607277393E-1,-6.958363652E-1,7.952813993E-1
2.389112044E0,3.315736055E-1,-1.607266665E-1,-6.885032654E-1,7.809038761E-1
2.399112044E0,3.117450774E-1,-1.607319862E-1,-6.829512715E-1,7.677513946E-1
2.409112044E0,2.803025842E-1,-1.386272907E-1,-6.817886829E-1,7.500819106E-1
2.419112044E0,2.445281893E-1,-1.161947027E-1,-6.829097271E-1,7.346161853E-1
2.429112044E0,2.016431838E-1,-9.461486340E-2,-6.865859032E-1,7.218117126E-1
2.439112044E0,1.496152282E-1,-7.344809920E-2,-6.928628683E-1,7.126277388E-1
2.449112044E0,9.567735344E-2,-5.546667427E-2,-7.005643249E-1,7.092397910E-1
2.459112044E0,3.031184524E-2,-3.839337081E-2,-7.102853656E-1,7.119678079E-1
2.469112044E0,-2.539117448E-2,-2.104859240E-2,-7.202491760E-1,7.210039047E-1
2.479112044E0,-9.413578361E-2,-5.812822492E-4,-7.323304415E-1,7.383561195E-1
2.489112044E0,-1.506340802E-1,-2.778656781E-4,-7.446757555E-1,7.597583064E-1
2.499112044E0,-2.139065415E-1,3.726168143E-5,-7.579271197E-1,7.875338270E-1
2.509112044E0,-2.724297345E-1,3.374843800E-4,-7.695453167E-1,8.163443321E-1
2.519112044E0,-3.281870484E-1,6.419655401E-4,-7.805449367E-1,8.467334581E-1
2.529112044E0,-3.797721267E-1,9.432528750E-4,-7.907365561E-1,8.772069647E-1
2.539112044E0,-4.432575107E-1,9.389944025E-4,-7.984166741E-1,9.132071441E-1
2.549112044E0,-5.178468823E-1,9.389944025E-4,-8.065450788E-1,9.584786066E-1
2.559112044E0,-5.715484023E-1,9.475113475E-4,-8.126134276E-1,9.934832946E-1
2.569112044E0,-6.236732602E-1,9.475113475E-4,-8.200327158E-1,1.030253798E0
2.579112044E0,-6.600683331E-1,9.560282924E-4,-8.269921541E-1,1.058114900E0
2.589112044E0,-7.000501156E-1,9.475113475E-4,-8.361372352E-1,1.090502883E0
2.599112044E0,-7.255030274E-1,9.421882569E-4,-8.452333212E-1,1.113900758E0
2.609112044E0,-7.585009336E-1,9.464467294E-4,-8.567504287E-1,1.144266516E0
2.619112044E0,-7.793003917E-1,6.334485952E-4,-8.690276146E-1,1.167269676E0
2.629112044E0,-8.072466850E-1,4.875957093E-4,-8.837182522E-1,1.196914950E0
2.639112044E0,-8.340005279E-1,2.161177545E-4,-8.995491862E-1,1.226680751E0
2.649112044E0,-8.611813188E-1,-1.064619501E-4,-9.164638519E-1,1.257592647E0
2.659112044E0,-8.969153166E-1,-1.096558044E-4,-9.349775910E-1,1.295623477E0
2.669112044E0,-9.311960340E-1,-1.011388522E-4,-9.535679817E-1,1.332823304E0
2.679112044E0,-9.548454881E-1,-4.173308262E-4,-9.754533172E-1,1.365005221E0
2.689112044E0,-9.424458742E-1,-4.290416546E-4,-9.964764118E-1,1.371557381E0
2.699112044E0,-9.460187554E-1,-4.226539459E-4,-1.020053387E0,1.391208315E0
2.709112044E0,-9.435562491E-1,-4.269124183E-4,-1.041028619E0,1.405005040E0
2.719112044E0,-9.476710558E-1,-4.343647452E-4,-1.061026335E0,1.422623457E0
2.729112044E0,-9.456823468E-1,-4.439463373E-4,-1.077937841E0,1.433968371E0
2.739112044E0,-9.469981790E-1,-4.396878358E-4,-1.093158722E0,1.446306239E0
2.749112044E0,-9.359900355E-1,-8.118787780E-3,-1.104738593E0,1.447960849E0
2.759112044E0,-9.228984118E-1,-1.176723931E-2,-1.113301396E0,1.446139670E0
2.769112044E0,-8.975721598E-1,-1.332264859E-2,-1.118449807E0,1.434135017E0
2.779112044E0,-8.612154126E-1,-1.072923560E-2,-1.119560242E0,1.412523358E0
2.789112044E0,-8.165248036E-1,-5.428494886E-3,-1.118012309E0,1.384447091E0
2.799112044E0,-7.576279640E-1,3.442979418E-3,-1.113527060E0,1.346831281E0
2.809112044E0,-6.962579489E-1,1.220479794E-2,-1.107766390E0,1.308461105E0
2.819112044E0,-6.221359372E-1,2.283395827E-2,-1.099662542E0,1.263658269E0
2.829112044E0,-5.621255040E-1,3.665591404E-2,-1.089405894E0,1.226431384E0
2.839112044E0,-5.003584027E-1,5.297333747E-2,-1.077466249E0,1.189158620E0
2.849112044E0,-4.434640408E-1,7.204493135E-2,-1.066479325E0,1.157250612E0
2.859112044E0,-3.913104832E-1,9.113142639E-2,-1.055950284E0,1.129805219E0
2.869112044E0,-3.426232934E-1,1.114720479E-1,-1.046278238E0,1.106578009E0
2.879112044E0,-3.028970063E-1,1.321916729E-1,-1.038017869E0,1.089358679E0
2.889112044E0,-2.728098035E-1,1.524236947E-1,-1.031735539E0,1.078024302E0
2.899112044E0,-2.485034764E-1,1.713324040E-1,-1.026408195E0,1.069870345E0
2.909112044E0,-2.302484512E-1,1.894852370E-1,-1.021936774E0,1.064553322E0
2.919112044E0,-2.185248584E-1,2.053012252E-1,-1.018424630E0,1.061645155E0
2.929112044E0,-2.111864388E-1,2.197917551E-1,-1.015836477E0,1.060580914E0
2.939112044E0,-2.089113444E-1,2.326693982E-1,-1.013558149E0,1.060697469E0
2.949112044E0,-2.105764151E-1,2.468139231E-1,-1.011773944E0,1.062518731E0
2.959112044E0,-2.156652957E-1,2.601568103E-1,-1.009721279E0,1.064767649E0
2.969112044E0,-2.220508754E-1,2.705293894E-1,-1.008574724E0,1.067574689E0
2.979112044E0,-2.290912122E-1,2.771044672E-1,-1.008646011E0,1.070811116E0
2.989112044E0,-2.391135395E-1,2.782255411E-1,-1.009268880E0,1.073875416E0
2.999112044E0,-2.471971959E-1,2.766232789E-1,-1.010718822E0,1.076651954E0
3.009112044E0,-1.913504452E-1,2.721987069E-1,-1.012887478E0,1.066137032E0
3.019112044E0,-1.851831079E-1,2.668713629E-1,-1.015298843E0,1.065994770E0
3.029112044E0,-1.786250472E-1,2.608562708E-1,-1.018235087E0,1.066187411E0
3.039112044E0,-1.730528325E-1,2.563848495E-1,-1.021905899E0,1.067694779E0
3.049112044E0,-1.668290645E-1,2.536019385E-1,-1.025453210E0,1.069439183E0
3.059112044E0,-1.607905477E-1,2.537616491E-1,-1.030089617E0,1.073001954E0
3.069112044E0,-1.548616737E-1,2.545260191E-1,-1.035210490E0,1.077230891E0
3.079112044E0,-1.481652260E-1,2.586290836E-1,-1.041037083E0,1.082866633E0
3.089112044E0,-1.409439147E-1,2.731409073E-1,-1.046987295E0,1.091170719E0
3.099112044E0,-1.340888292E-1,2.865316868E-1,-1.053979635E0,1.100433230E0
3.109112044E0,-1.286794990E-1,3.021028042E-1,-1.061599135E0,1.111223309E0
3.119112044E0,-1.238290891E-1,3.179858625E-1,-1.069150448E0,1.122288435E0
3.129112044E0,-1.201827675E-1,3.363580108E-1,-1.076954126E0,1.134641265E0
3.139112044E0,-1.166971996E-1,3.552166820E-1,-1.084293604E0,1.146948014E0
3.149112044E0,-1.152567714E-1,3.775151372E-1,-1.091380835E0,1.160566210E0
3.159112044E0,-1.143156439E-1,3.997976184E-1,-1.097979307E0,1.174080390E0
3.169112044E0,-1.135948971E-1,4.190810621E-1,-1.104669452E0,1.186940325E0
3.179112044E0,-1.114890799E-1,4.334566295E-1,-1.111971617E0,1.198663982E0
3.189112044E0,-1.513633430E-1,4.405682981E-1,-1.120513082E0,1.213491184E0
3.199112044E0,-1.629325598E-1,4.443125427E-1,-1.129506946E0,1.224641415E0
3.209112044E0,-1.746657342E-1,4.427156150E-1,-1.139149189E0,1.234571225E0
3.219112044E0,-1.885888278E-1,4.349651933E-1,-1.149233341E0,1.243180493E0
3.229112044E0,-1.479011923E-1,4.231074750E-1,-1.160184026E0,1.243753059E0
3.239112044E0,-1.457400173E-1,4.087265730E-1,-1.171462536E0,1.249248589E0
3.249112044E0,-1.419499815E-1,3.893622160E-1,-1.183356524E0,1.253828295E0
3.259112044E0,-1.381716430E-1,3.722026944E-1,-1.195528269E0,1.259727784E0
3.269112044E0,-1.326547861E-1,3.571212888E-1,-1.207137942E0,1.265825785E0
3.279112044E0,-1.260402948E-1,3.460045159E-1,-1.218610287E0,1.273034293E0
3.289112044E0,-1.541100591E-1,3.381742537E-1,-1.229064822E0,1.284021835E0
3.299112044E0,-1.480598301E-1,3.384499848E-1,-1.238714576E0,1.292626746E0
3.309112044E0,-1.358731240E-1,3.505823910E-1,-1.245856047E0,1.301355758E0
3.319112044E0,-1.175627336E-1,3.759426773E-1,-1.250724554E0,1.311284028E0
3.329112044E0,-9.070025384E-2,4.187393188E-1,-1.253439307E0,1.324643065E0
3.339112044E0,-6.130611151E-2,4.739345312E-1,-1.254634857E0,1.342565084E0
3.349112044E0,-4.162342846E-2,5.436479449E-1,-1.253879070E0,1.367295989E0
3.359112044E0,-2.073452994E-2,6.233463883E-1,-1.252278924E0,1.398997192E0
3.369112044E0,2.404975472E-3,7.131140828E-1,-1.248510122E0,1.437816054E0
3.379112044E0,2.578721382E-2,8.069645166E-1,-1.244109035E0,1.483126428E0
3.389112044E0,5.024045706E-2,9.037703872E-1,-1.239706755E0,1.534991158E0
3.399112044E0,7.425614446E-2,9.986609817E-1,-1.235241771E0,1.590176079E0
3.409112044E0,9.198737890E-2,1.021626949E0,-1.235229015E0,1.605607057E0
3.419112044E0,1.134064645E-1,1.104367018E0,-1.231946826E0,1.658366823E0
3.429112044E0,1.338567436E-1,1.177754521E0,-1.230393529E0,1.708476390E0
3.439112044E0,1.547648013E-1,1.238844514E0,-1.229515195E0,1.752254402E0
3.449112044E0,1.750692278E-1,1.283991814E0,-1.230643749E0,1.787111706E0
3.459112044E0,1.921286881E-1,1.316160321E0,-1.232661128E0,1.813462125E0
3.469112044E0,2.076039910E-1,1.329901338E0,-1.236175418E0,1.827530205E0
3.479112044E0,2.240917534E-1,1.330165386E0,-1.241282463E0,1.833122806E0
3.489112044E0,2.395926118E-1,1.313533902E0,-1.247540236E0,1.827329355E0
3.499112044E0,2.575942576E-1,1.286577702E0,-1.254342079E0,1.815216526E0
3.509112044E0,2.785651386E-1,1.250943899E0,-1.261878610E0,1.798554086E0
3.519112044E0,3.000662029E-1,1.211954355E0,-1.268971086E0,1.780213667E0
3.529112044E0,3.212116659E-1,1.171058059E0,-1.276212573E0,1.761610752E0
3.539112044E0,3.427191079E-1,1.132313371E0,-1.282682300E0,1.744953821E0
3.549112044E0,3.796369135E-1,1.099369764E0,-1.286674619E0,1.734436404E0
3.559112044E0,4.167027175E-1,1.068849206E0,-1.289221168E0,1.725737813E0
3.569112044E0,4.522162974E-1,1.045039058E0,-1.289670467E0,1.720423240E0
3.579112044E0,4.872571826E-1,1.027168274E0,-1.288900733E0,1.718650437E0
3.589112044E0,5.025855899E-1,1.015683174E0,-1.285261869E0,1.713505955E0
3.599112044E0,5.162957311E-1,1.007332325E0,-1.280080318E0,1.708767192E0
3.609112044E0,5.273017883E-1,1.005733252E0,-1.273407340E0,1.706198348E0
3.619112044E0,5.360699892E-1,1.002103925E0,-1.265453577E0,1.700869209E0
3.629112044E0,5.440130830E-1,9.954628944E-1,-1.256401062E0,1.692761128E0
3.639112044E0,5.495012403E-1,9.852233529E-1,-1.246891975E0,1.681474432E0
3.649112044E0,5.636957884E-1,9.651010036E-1,-1.237672329E0,1.667634757E0
3.659112044E0,5.762114525E-1,9.346517920E-1,-1.228617668E0,1.647754528E0
3.669112044E0,5.865329504E-1,8.930198550E-1,-1.219846368E0,1.621582722E0
3.679112044E0,5.929366350E-1,8.409982920E-1,-1.211179256E0,1.589278821E0
3.689112044E0,5.937350988E-1,7.792716622E-1,-1.204199672E0,1.552379638E0
3.699112044E0,5.949040651E-1,7.113915086E-1,-1.197768211E0,1.514806065E0
3.709112044E0,5.960740447E-1,6.369373798E-1,-1.191931963E0,1.477056294E0
3.719112044E0,6.010053754E-1,5.617187619E-1,-1.186032891E0,1.443402040E0
3.729112044E0,6.091071367E-1,4.825281203E-1,-1.181661606E0,1.414273326E0
3.739112044E0,6.222881675E-1,4.044063687E-1,-1.177386165E0,1.391770547E0
3.749112044E0,6.387269497E-1,3.261781037E-1,-1.172757149E0,1.374672180E0
3.759112044E0,6.591261625E-1,2.512746751E-1,-1.167582035E0,1.364123920E0
3.769112044E0,6.836741567E-1,1.450341791E-1,-1.161951303E0,1.355941038E0
3.779112044E0,7.090653181E-1,9.305199981E-2,-1.155133486E0,1.358589589E0
3.789112044E0,7.354167700E-1,4.707534611E-2,-1.146459937E0,1.362873546E0
3.799112044E0,7.585861087E-1,6.662388798E-3,-1.136161923E0,1.366148304E0
3.809112044E0,7.791523933E-1,-2.526555024E-2,-1.123795271E0,1.367710719E0
3.819112044E0,7.971444726E-1,-5.141153932E-2,-1.109310031E0,1.366986175E0
3.829112044E0,8.117776513E-1,-6.955904514E-2,-1.091668248E0,1.362189774E0
3.839112044E0,8.151801825E-1,-8.300412446E-2,-1.072195292E0,1.349448464E0
3.849112044E0,8.097943068E-1,-9.011471272E-2,-1.051046610E0,1.329882121E0
3.859112044E0,7.907556891E-1,-9.403038770E-2,-1.027899742E0,1.300274645E0
3.869112044E0,7.589235902E-1,-9.482033551E-2,-1.002797008E0,1.261173164E0
3.879112044E0,7.156372070E-1,-9.474155307E-2,-9.765445590E-1,1.214393614E0
3.889112044E0,6.627022028E-1,-9.388453513E-2,-9.486866593E-1,1.161031823E0
3.899112044E0,6.001175046E-1,-9.260592610E-2,-9.194064736E-1,1.101828090E0
3.909112044E0,5.287007093E-1,-9.179148823E-2,-8.892202377E-1,1.038586900E0
3.919112044E0,4.531478286E-1,-8.999015391E-2,-8.584389091E-1,9.748633458E-1
3.929112044E0,3.751868010E-1,-8.951853216E-2,-8.270655870E-1,9.125876333E-1
3.939112044E0,2.982233465E-1,-8.872006088E-2,-7.958988547E-1,8.545545041E-1
3.949112044E0,2.227577865E-1,-8.863915503E-2,-7.653805017E-1,8.020506491E-1
3.959112044E0,1.523321420E-1,-8.770548552E-2,-7.358937263E-1,7.565956054E-1
3.969112044E0,8.718062192E-2,-8.693788946E-2,-7.070319057E-1,7.176717725E-1
3.979112044E0,3.045343980E-2,-8.457550406E-2,-6.795189381E-1,6.854388485E-1
3.989112044E0,-1.932816580E-2,-8.065131307E-2,-6.536806226E-1,6.589207605E-1
3.999112044E0,-6.066840515E-2,-7.595527917E-2,-6.288792491E-1,6.363481514E-1
4.009112044E0,-9.418155998E-2,-6.807816029E-2,-6.058323383E-1,6.168773171E-1
4.019112044E0,-1.196642965E-1,-5.825704336E-2,-5.836286545E-1,5.986115880E-1
4.029112044E0,-1.373593360E-1,-4.734469205E-2,-5.638735890E-1,5.822907620E-1
4.039112044E0,-1.469228119E-1,-3.570414335E-2,-5.453449488E-1,5.659171420E-1
4.049112044E0,-1.478873640E-1,-2.515589446E-2,-5.275370479E-1,5.484512999E-1
4.059112044E0,-1.446966976E-1,-1.630464755E-2,-5.101613998E-1,5.305352295E-1
4.069112044E0,-1.394438595E-1,-9.368651547E-3,-4.937151670E-1,5.131150239E-1
4.079112044E0,-1.330188811E-1,-5.776625127E-3,-4.771613777E-1,4.953891122E-1
4.089112044E0,-1.271187663E-1,-3.329065163E-3,-4.601296186E-1,4.773777638E-1
4.099112044E0,-1.219510958E-1,-3.023519414E-3,-4.428433776E-1,4.593380765E-1
4.109112044E0,-1.181557253E-1,-3.270511050E-3,-4.258286357E-1,4.419292914E-1
4.119112044E0,-1.159913540E-1,-4.534214269E-3,-4.085509181E-1,4.247215629E-1
4.129112044E0,-1.167163625E-1,-4.834437277E-3,-3.899413645E-1,4.070630772E-1
4.139112044E0,-1.175254732E-1,-5.126142874E-3,-3.727158308E-1,3.908396151E-1
4.149112044E0,-1.207182705E-1,-5.257091019E-3,-3.552550077E-1,3.752421330E-1
4.159112044E0,-1.219255477E-1,-5.258155521E-3,-3.393016756E-1,3.605816335E-1
4.169112044E0,-1.233436167E-1,-5.262413993E-3,-3.237603605E-1,3.464998006E-1
4.179112044E0,-1.217307225E-1,-4.967514426E-3,-3.106921613E-1,3.337254322E-1
4.189112044E0,-1.181536019E-1,-4.677937832E-3,-3.000683188E-1,3.225262047E-1
4.199112044E0,-1.110600382E-1,-4.389426205E-3,-2.917397916E-1,3.121949794E-1
4.209112044E0,-9.852201492E-2,-4.099849612E-3,-2.856512368E-1,3.021920337E-1
4.219112044E0,-8.129114658E-2,-3.815596225E-3,-2.828097641E-1,2.942858678E-1
4.229112044E0,-5.867863074E-2,-3.533472074E-3,-2.830184400E-1,2.890589983E-1
4.239112044E0,-3.195455298E-2,-3.249218687E-3,-2.860909402E-1,2.878883064E-1
4.249112044E0,1.478756429E-3,-2.947931411E-3,-2.924435139E-1,2.924621101E-1
4.259112044E0,3.890119493E-2,-2.656225581E-3,-3.015236557E-1,3.040343293E-1
4.269112044E0,8.426782489E-2,-2.370907692E-3,-3.139754534E-1,3.250957902E-1
4.279112044E0,1.324663460E-1,-2.081331098E-3,-3.283137381E-1,3.540361216E-1
4.289112044E0,1.877222210E-1,-1.783237676E-3,-3.455626965E-1,3.932637657E-1
4.299112044E0,2.429248691E-1,-1.490467228E-3,-3.637772799E-1,4.374341354E-1
4.309112044E0,3.016141653E-1,-1.208343077E-3,-3.836601079E-1,4.880242240E-1
4.319112044E0,3.571564257E-1,-9.145081276E-4,-4.040933549E-1,5.393078789E-1
4.329112044E0,4.105321765E-1,-6.249316502E-4,-4.254837036E-1,5.912473598E-1
4.339112044E0,4.607992470E-1,-3.332259075E-4,-4.469762444E-1,6.419687066E-1
4.349112044E0,5.049745440E-1,-3.385489981E-4,-4.684698284E-1,6.888130260E-1
4.359112044E0,5.452991724E-1,-3.449367068E-4,-4.905425906E-1,7.334734757E-1
4.369112044E0,5.779116750E-1,-3.342905256E-4,-5.122405887E-1,7.722515371E-1
4.379112044E0,6.069182754E-1,-3.310966713E-4,-5.349553227E-1,8.090284914E-1
4.389112044E0,6.242194176E-1,-3.353551438E-4,-5.572324991E-1,8.367544752E-1
4.399112044E0,6.370544434E-1,-3.332259075E-4,-5.804944038E-1,8.618655508E-1
4.409112044E0,6.369692683E-1,-3.300320532E-4,-6.035264134E-1,8.774816747E-1
4.419112044E0,6.327640414E-1,-3.300320532E-4,-6.278550625E-1,8.913991365E-1
4.429112044E0,6.155672669E-1,1.816240838E-3,-6.525702477E-1,8.970921285E-1
4.439112044E0,5.921573043E-1,1.391883474E-2,-6.791250110E-1,9.011408256E-1
4.449112044E0,5.602975488E-1,3.430949152E-2,-7.065964937E-1,9.024350887E-1
4.459112044E0,5.230773687E-1,5.803560093E-2,-7.343574762E-1,9.034705128E-1
4.469112044E0,4.799538851E-1,8.580939472E-2,-7.619002461E-1,9.045501474E-1
4.479112044E0,4.334428012E-1,1.177362651E-1,-7.899944782E-1,9.087495616E-1
4.489112044E0,3.850813806E-1,1.537140161E-1,-8.184475303E-1,9.174813503E-1
4.499112044E0,3.321431875E-1,1.911747903E-1,-8.455782533E-1,9.283692584E-1
4.509112044E0,2.820453942E-1,2.300152928E-1,-8.726430535E-1,9.454959218E-1
4.519112044E0,2.265329212E-1,2.682000101E-1,-8.981225491E-1,9.642989800E-1
4.529112044E0,1.751203239E-1,3.073386252E-1,-9.222170711E-1,9.877289530E-1
4.539112044E0,1.202743202E-1,3.429597020E-1,-9.436914921E-1,1.011257090E0
4.549112044E0,7.076525688E-2,3.751346469E-1,-9.636850357E-1,1.036543570E0
4.559112044E0,2.307882160E-2,4.007547200E-1,-9.813694358E-1,1.060293802E0
4.569112044E0,-1.679330692E-2,4.138931930E-1,-9.963028431E-1,1.078985146E0
4.579112044E0,-5.077276751E-2,4.147587121E-1,-1.008623719E0,1.091752935E0
4.589112044E0,-7.912465185E-2,4.068666995E-1,-1.018515110E0,1.099624595E0
4.599112044E0,-1.007108763E-1,3.930926323E-1,-1.026568890E0,1.103860581E0
4.609112044E0,-1.158699915E-1,3.743979335E-1,-1.032818198E0,1.104677825E0
4.619112044E0,-1.229348034E-1,3.512648046E-1,-1.037425876E0,1.102158054E0
4.629112044E0,-1.245178953E-1,3.236262202E-1,-1.040063024E0,1.096343801E0
4.639112044E0,-1.176883578E-1,2.940329909E-1,-1.042127252E0,1.089190139E0
4.649112044E0,-1.087806895E-1,2.622764707E-1,-1.041653514E0,1.079659311E0
4.659112044E0,-9.250478446E-2,2.302207649E-1,-1.039471030E0,1.068671492E0
4.669112044E0,-7.533673197E-2,1.967736185E-1,-1.036064267E0,1.057272267E0
4.679112044E0,-5.244209245E-2,1.639034897E-1,-1.031356454E0,1.045614968E0
4.689112044E0,-3.102939948E-2,1.329017729E-1,-1.024926186E0,1.033972626E0
4.699112044E0,-1.245498378E-2,1.039664820E-1,-1.016797781E0,1.022175075E0
4.709112044E0,4.014680162E-3,7.649291307E-2,-1.006695628E0,1.009605552E0
4.719112044E0,1.538907457E-2,4.884793609E-2,-9.940629005E-1,9.953813313E-1
4.729112044E0,2.378466353E-2,2.171185054E-2,-9.790996909E-1,9.796291744E-1
4.739112044E0,2.569352649E-2,-6.313193589E-3,-9.614142179E-1,9.617782032E-1
4.749112044E0,2.520167269E-2,-3.489822522E-2,-9.411949515E-1,9.421788297E-1
4.759112044E0,1.750234514E-2,-6.621932983E-2,-9.185014963E-1,9.210517523E-1
4.769112044E0,1.086124778E-2,-9.794712067E-2,-8.948829174E-1,9.002927529E-1
4.779112044E0,2.576379047E-4,-1.327303648E-1,-8.690914512E-1,8.791685655E-1
4.789112044E0,-3.109753598E-3,-1.721819788E-1,-8.426101208E-1,8.600279763E-1
4.799112044E0,-3.134239698E-3,-2.243249118E-1,-8.146297932E-1,8.449575075E-1
4.809112044E0,5.490242504E-3,-2.881115973E-1,-7.867751122E-1,8.378863362E-1
4.819112044E0,1.957835257E-2,-3.589407206E-1,-7.594037056E-1,8.401879200E-1
4.829112044E0,4.334066063E-2,-4.377034009E-1,-7.329692245E-1,8.548137598E-1
4.839112044E0,7.328733802E-2,-5.245678425E-1,-7.066348195E-1,8.831054430E-1
4.849112044E0,1.095940620E-1,-6.196468472E-1,-6.817706227E-1,9.277845956E-1
4.859112044E0,1.527356356E-1,-7.167625427E-1,-6.582925320E-1,9.851019108E-1
4.869112044E0,1.965734661E-1,-8.184028268E-1,-6.360164285E-1,1.054960289E0
4.879112044E0,2.471343726E-1,-9.191786051E-1,-6.151424646E-1,1.133298265E0
4.889112044E0,2.965007722E-1,-1.022262573E0,-5.962614417E-1,1.220025075E0
4.899112044E0,3.523571193E-1,-1.119800806E0,-5.798875690E-1,1.309342956E0
4.909112044E0,4.015851021E-1,-1.212725043E0,-5.645038486E-1,1.396652147E0
4.919112044E0,4.522003233E-1,-1.292109489E0,-5.516602397E-1,1.475927195E0
4.929112044E0,4.932286143E-1,-1.350420833E0,-5.415165424E-1,1.536278314E0
4.939112044E0,5.280182362E-1,-1.384665370E0,-5.351842046E-1,1.575602608E0
4.949112044E0,5.541482568E-1,-1.399952292E0,-5.319158435E-1,1.596834737E0
4.959112044E0,5.733018517E-1,-1.396064281E0,-5.316496491E-1,1.600100572E0
4.969112044E0,5.606808066E-1,-1.362078428E0,-5.336298943E-1,1.566646570E0
4.979112044E0,5.258666873E-1,-1.308222532E0,-5.386314392E-1,1.509339522E0
4.989112044E0,4.777575731E-1,-1.239341617E0,-5.459262133E-1,1.436055490E0
4.999112044E0,4.188894331E-1,-1.165650845E0,-5.547029376E-1,1.357168227E0
5.009112044E0,3.568742871E-1,-1.087637663E0,-5.650734305E-1,1.276566851E0
5.019112044E0,2.875846028E-1,-1.008713126E0,-5.778179765E-1,1.197531080E0
5.029112044E0,2.179701924E-1,-9.299312830E-1,-5.910351872E-1,1.123212263E0
5.039112044E0,1.409779787E-1,-8.530465961E-1,-6.051233411E-1,1.055337644E0
5.049112044E0,6.907463819E-2,-7.802574635E-1,-6.203889251E-1,9.992274182E-1
5.059112044E0,-3.149144351E-3,-7.152230740E-1,-6.357321739E-1,9.569270398E-1
5.069112044E0,-7.334482670E-2,-6.550518274E-1,-6.525063515E-1,9.274895681E-1
5.079112044E0,-1.463117152E-1,-6.028758883E-1,-6.696051955E-1,9.128184774E-1
5.089112044E0,-2.189347446E-1,-5.556472540E-1,-6.873151660E-1,9.105374406E-1
5.099112044E0,-2.897468507E-1,-5.175157785E-1,-7.049154043E-1,9.212391361E-1
5.109112044E0,-3.355382383E-1,-4.927644432E-1,-7.244235277E-1,9.381855644E-1
5.119112044E0,-3.651176393E-1,-4.716061950E-1,-7.441796660E-1,9.536910763E-1
5.129112044E0,-3.879643679E-1,-4.546872675E-1,-7.646714449E-1,9.705561708E-1
5.139112044E0,-4.050132036E-1,-4.350514412E-1,-7.861203551E-1,9.855407979E-1
5.149112044E0,-4.191428125E-1,-4.113274515E-1,-8.092449307E-1,9.998741558E-1
5.159112044E0,-4.331777096E-1,-3.825060725E-1,-8.335480690E-1,1.014276199E0
5.169112044E0,-4.500455260E-1,-3.471915722E-1,-8.591255546E-1,1.030135759E0
5.179112044E0,-4.653217494E-1,-3.053988814E-1,-8.853311539E-1,1.045755258E0
5.189112044E0,-4.851843715E-1,-2.580328882E-1,-9.124630094E-1,1.065163644E0
5.199112044E0,-5.073412061E-1,-2.038405687E-1,-9.409543276E-1,1.088274379E0
5.209112044E0,-5.332423449E-1,-1.457730234E-1,-9.698087573E-1,1.116300228E0
5.219112044E0,-5.592626929E-1,-8.608406782E-2,-9.987185001E-1,1.147877985E0
5.229112044E0,-5.856791139E-1,-3.172672540E-2,-1.027347207E0,1.182991502E0
5.239112044E0,-6.159994602E-1,5.478532054E-3,-1.056054592E0,1.222594230E0
5.249112044E0,-6.455032825E-1,4.237185419E-2,-1.083886981E0,1.262252292E0
5.259112044E0,-6.759184003E-1,7.711358368E-2,-1.110886812E0,1.302644118E0
5.269112044E0,-7.012797594E-1,1.106884852E-1,-1.137562990E0,1.340930572E0
5.279112044E0,-7.264324427E-1,1.401177645E-1,-1.162756085E0,1.378165010E0
5.289112044E0,-7.506248951E-1,1.655366123E-1,-1.186749458E0,1.413935776E0
5.299112044E0,-7.714232802E-1,1.853151172E-1,-1.208106756E0,1.445322630E0
5.309112044E0,-7.886009216E-1,2.001548558E-1,-1.227547765E0,1.472693755E0
5.319112044E0,-8.048288822E-1,2.079478651E-1,-1.245157599E0,1.497133692E0
5.329112044E0,-7.967473865E-1,2.015079856E-1,-1.260942817E0,1.505120810E0
5.339112044E0,-7.720811963E-1,1.863754839E-1,-1.274417639E0,1.501660918E0
5.349112044E0,-7.423495650E-1,1.649755687E-1,-1.285583377E0,1.493661419E0
5.359112044E0,-7.100223899E-1,1.417072415E-1,-1.295353413E0,1.483965363E0
5.369112044E0,-6.794753075E-1,1.169175729E-1,-1.304287672E0,1.475304289E0
5.379112044E0,-6.474898458E-1,9.126450866E-2,-1.312075377E0,1.465985711E0
5.389112044E0,-6.211277246E-1,6.621614099E-2,-1.319275379E0,1.459682073E0
5.399112044E0,-5.906061530E-1,4.137324169E-2,-1.326598883E0,1.452718820E0
5.409112044E0,-5.641983151E-1,1.721809059E-2,-1.334077835E0,1.448578569E0
5.419112044E0,-5.399121642E-1,-3.868827131E-3,-1.342740655E0,1.447229277E0
5.429112044E0,-5.211610198E-1,-2.271791548E-2,-1.352856636E0,1.449946892E0
5.439112044E0,-5.041377544E-1,-3.615767136E-2,-1.365182877E0,1.455742607E0
5.449112044E0,-4.941878319E-1,-4.678789526E-2,-1.379611611E0,1.466198799E0
5.459112044E0,-4.875435531E-1,-5.040973425E-2,-1.395263672E0,1.478851099E0
5.469112044E0,-5.107128620E-1,-4.432011023E-2,-1.411384106E0,1.501598146E0
5.479112044E0,-5.494799018E-1,-3.376227617E-2,-1.428444624E0,1.530856655E0
5.489112044E0,-5.972728133E-1,-2.014366537E-2,-1.444729090E0,1.563452181E0
5.499112044E0,-6.511319280E-1,-6.403686013E-3,-1.459580541E0,1.598245647E0
5.509112044E0,-7.119259238E-1,5.816016346E-3,-1.471864104E0,1.635009568E0
5.519112044E0,-7.736206651E-1,1.544549968E-2,-1.482073784E0,1.671906157E0
5.529112044E0,-8.368579745E-1,2.154470421E-2,-1.488841653E0,1.708052959E0
5.539112044E0,-9.041131735E-1,2.429035865E-2,-1.493005276E0,1.745587410E0
5.549112044E0,-9.716941714E-1,2.407104708E-2,-1.493068099E0,1.781578325E0
5.559112044E0,-1.033201456E0,1.955067180E-2,-1.490231991E0,1.813471495E0
5.569112044E0,-1.087929368E0,1.274243090E-2,-1.483780384E0,1.839933941E0
5.579112044E0,-1.133979440E0,2.560409950E-3,-1.473536611E0,1.859361737E0
5.589112044E0,-1.164840579E0,2.264445648E-3,-1.459592223E0,1.867422866E0
5.599112044E0,-1.180441618E0,1.963158371E-3,-1.442711592E0,1.864098443E0
5.609112044E0,-1.183084965E0,1.671452541E-3,-1.423496366E0,1.850955086E0
5.619112044E0,-1.175467610E0,1.377617591E-3,-1.402255058E0,1.829766447E0
5.629112044E0,-1.160640717E0,1.091234968E-3,-1.380031109E0,1.803212113E0
5.639112044E0,-1.135816932E0,8.027231088E-4,-1.357622981E0,1.770090649E0
5.649112044E0,-1.102938294E0,5.056942464E-4,-1.334891200E0,1.731591076E0
5.659112044E0,-1.066922307E0,2.065361768E-4,-1.312222242E0,1.691227502E0
5.669112044E0,-1.026765823E0,-6.465434097E-3,-1.289698124E0,1.648517852E0
5.679112044E0,-9.787632227E-1,-1.263277512E-2,-1.267062187E0,1.601119489E0
5.689112044E0,-9.245570898E-1,-1.886931621E-2,-1.245258808E0,1.551074261E0
5.699112044E0,-8.633382916E-1,-2.635891363E-2,-1.223846078E0,1.497947603E0
5.709112044E0,-7.955188155E-1,-3.465868905E-2,-1.202182174E0,1.441975516E0
5.719112044E0,-7.204642296E-1,-4.285838827E-2,-1.180945158E0,1.384029268E0
5.729112044E0,-6.429268718E-1,-5.824107304E-2,-1.160600305E0,1.328058753E0
5.739112044E0,-5.607947111E-1,-7.819097489E-2,-1.140270233E0,1.273114583E0
5.749112044E0,-4.729497433E-1,-1.016083509E-1,-1.120539665E0,1.220497791E0
5.759112044E0,-3.834035397E-1,-1.256889701E-1,-1.099756241E0,1.171434924E0
5.769112044E0,-2.889313400E-1,-1.395311654E-1,-1.077984691E0,1.124722747E0
5.779112044E0,-1.919562221E-1,-1.466885954E-1,-1.055460572E0,1.082756554E0
5.789112044E0,-9.077265114E-2,-1.185794473E-1,-1.030609131E0,1.041372143E0
5.799112044E0,1.101561822E-2,-1.185815781E-1,-1.003600836E0,1.010642158E0
5.809112044E0,1.199921966E-1,-1.185932904E-1,-9.748443961E-1,9.893351770E-1
5.819112044E0,2.324373126E-1,-1.185858324E-1,-9.450457096E-1,9.804086379E-1
5.829112044E0,3.509752452E-1,-1.185815781E-1,-9.139449596E-1,9.861747323E-1
5.839112044E0,4.686114192E-1,-1.185741276E-1,-8.814112544E-1,1.005257323E0
5.849112044E0,5.844707489E-1,-1.185805127E-1,-8.490862250E-1,1.037600507E0
5.859112044E0,6.953392029E-1,-1.185762510E-1,-8.169272542E-1,1.079317874E0
5.869112044E0,7.995324135E-1,-1.185805127E-1,-7.850078344E-1,1.126743413E0
5.879112044E0,8.926994205E-1,-1.185762510E-1,-7.533566952E-1,1.174103442E0
5.889112044E0,9.751020074E-1,-1.185730621E-1,-7.222580910E-1,1.219237567E0
5.899112044E0,1.043008804E0,-1.185794473E-1,-6.922518015E-1,1.257434296E0
5.909112044E0,1.095184684E0,-1.185783818E-1,-6.647601128E-1,1.286622063E0
5.919112044E0,1.127866387E0,-1.185900941E-1,-6.374834776E-1,1.300973244E0
5.929112044E0,1.141212463E0,-1.185943484E-1,-6.125181913E-1,1.300618715E0
5.939112044E0,1.133574843E0,-1.183101013E-1,-5.900227427E-1,1.283400188E0
5.949112044E0,1.103550434E0,-1.180183962E-1,-5.701803565E-1,1.247740975E0
5.959112044E0,1.053427100E0,-1.180141345E-1,-5.525556207E-1,1.195388516E0
5.969112044E0,9.869586825E-1,-1.537534148E-1,-5.367598534E-1,1.133948276E0
5.979112044E0,9.089135528E-1,-1.617636085E-1,-5.229315162E-1,1.061013045E0
5.989112044E0,8.274999857E-1,-1.680523157E-1,-5.090957284E-1,9.859899938E-1
5.999112044E0,7.400925756E-1,-1.763552874E-1,-4.958422780E-1,9.081287202E-1
6.009112044E0,6.541160345E-1,-1.863967776E-1,-4.824387133E-1,8.338816807E-1
6.019112044E0,5.695362687E-1,-1.980586201E-1,-4.693534672E-1,7.641279052E-1
6.029112044E0,4.863884449E-1,-2.061231136E-1,-4.563587308E-1,6.980857744E-1
6.039112044E0,4.068720043E-1,-2.168161422E-1,-4.437504411E-1,6.398972740E-1
6.049112044E0,3.290440738E-1,-2.307498902E-1,-4.309728742E-1,5.892818787E-1
6.059112044E0,2.547836602E-1,-2.462496758E-1,-4.191587865E-1,5.488603690E-1
6.069112044E0,1.800218374E-1,-2.604101896E-1,-4.092035294E-1,5.173672363E-1
6.079112044E0,1.084932387E-1,-2.749486268E-1,-3.998476565E-1,4.972380502E-1
6.089112044E0,3.729148954E-2,-2.775292695E-1,-3.917991221E-1,4.815804218E-1
6.099112044E0,-3.163410351E-2,-2.698150277E-1,-3.844873309E-1,4.707774138E-1
6.109112044E0,-1.036609337E-1,-2.513534725E-1,-3.783093393E-1,4.658777881E-1
6.119112044E0,-1.788528860E-1,-2.319124490E-1,-3.741211295E-1,4.751193096E-1
6.129112044E0,-2.626139522E-1,-2.237138152E-1,-3.726785779E-1,5.078417878E-1
6.139112044E0,-3.489769399E-1,-2.230878174E-1,-3.727658689E-1,5.572319731E-1
6.149112044E0,-4.421109259E-1,-1.778957844E-1,-3.750334978E-1,6.064314515E-1
6.159112044E0,-5.386399627E-1,-1.781874895E-1,-3.797178268E-1,6.826927705E-1
6.169112044E0,-6.372354627E-1,-1.784674823E-1,-3.861555755E-1,7.661826190E-1
6.179112044E0,-7.384573221E-1,-1.787570566E-1,-3.948343694E-1,8.562519963E-1
6.189112044E0,-8.380823135E-1,-1.790434420E-1,-4.050493836E-1,9.478942565E-1
6.199112044E0,-9.370099306E-1,-1.793298274E-1,-4.172967672E-1,1.041289292E0
6.209112044E0,-1.027615428E0,-1.796257943E-1,-4.301839769E-1,1.128413554E0
6.219112044E0,-1.112750888E0,-1.799143106E-1,-4.448075891E-1,1.211791025E0
6.229112044E0,-1.184644699E0,-2.408765405E-1,-4.599486291E-1,1.293428511E0
6.239112044E0,-1.243852377E0,-2.572887242E-1,-4.762884080E-1,1.356545934E0
6.249112044E0,-1.287763715E0,-2.748773098E-1,-4.937258065E-1,1.406292321E0
6.259112044E0,-1.312672615E0,-2.912617922E-1,-5.115123987E-1,1.438606187E0
6.269112044E0,-1.318475842E0,-3.064422011E-1,-5.290498734E-1,1.453333801E0
6.279112044E0,-1.305717468E0,-3.171778321E-1,-5.476455688E-1,1.451005015E0
6.289112044E0,-1.276542664E0,-3.226957321E-1,-5.660113096E-1,1.433200094E0
6.299112044E0,-1.230310440E0,-3.235602081E-1,-5.850680470E-1,1.400235554E0
6.309112044E0,-1.173135042E0,-3.197275996E-1,-6.043961644E-1,1.357853559E0
6.319112044E0,-1.101829052E0,-3.107432723E-1,-6.238585114E-1,1.303759212E0
6.329112044E0,-1.022416949E0,-2.906794548E-1,-6.435454488E-1,1.242570605E0
6.339112044E0,-9.354491830E-1,-2.673600316E-1,-6.634666324E-1,1.177596931E0
6.349112044E0,-8.491064310E-1,-2.458419353E-1,-6.848079562E-1,1.118204778E0
6.359112044E0,-7.618225217E-1,-2.213791013E-1,-7.060939670E-1,1.062050352E0
6.369112044E0,-6.794891357E-1,-1.962455660E-1,-7.285372019E-1,1.015373952E0
6.379112044E0,-6.036211252E-1,-1.712291390E-1,-7.516735196E-1,9.791276530E-1
6.389112044E0,-5.343143940E-1,-1.451001763E-1,-7.753314972E-1,9.527249673E-1
6.399112044E0,-4.755495489E-1,-1.213187128E-1,-7.986402512E-1,9.373856486E-1
6.409112044E0,-4.235908091E-1,-9.746804088E-2,-8.225165009E-1,9.303024169E-1
6.419112044E0,-3.819439411E-1,-7.560182363E-2,-8.457273245E-1,9.310486117E-1
6.429112044E0,-3.437464535E-1,-5.803453550E-2,-8.683834672E-1,9.357454129E-1
6.439112044E0,-3.135070205E-1,-4.245809093E-2,-8.897866011E-1,9.443566788E-1
6.449112044E0,-2.823967040E-1,-3.174482286E-2,-9.096300602E-1,9.529860852E-1
6.459112044E0,-2.543759346E-1,-2.655906230E-2,-9.280841351E-1,9.626799373E-1
6.469112044E0,-2.255949974E-1,-2.717760578E-2,-9.446826577E-1,9.716259820E-1
6.479112044E0,-2.014355808E-1,-2.124235220E-2,-9.582490921E-1,9.794227143E-1
6.489112044E0,-1.782556325E-1,-8.091107942E-3,-9.681915641E-1,9.844975578E-1
6.499112044E0,-1.572528183E-1,8.447755128E-3,-9.759334922E-1,9.885575323E-1
6.509112044E0,-1.349032521E-1,2.220796235E-2,-9.807008505E-1,9.901849520E-1
6.519112044E0,-1.104265898E-1,3.787490353E-2,-9.832442403E-1,9.901503806E-1
6.529112044E0,-8.543252200E-2,5.521968380E-2,-9.828375578E-1,9.880878475E-1
6.539112044E0,-5.741599202E-2,7.382603735E-2,-9.810713530E-1,9.855190914E-1
6.549112044E0,-2.960919775E-2,9.272409976E-2,-9.769076109E-1,9.817448464E-1
6.559112044E0,4.471401917E-4,1.118223071E-1,-9.715067744E-1,9.779211835E-1
6.569112044E0,2.820283547E-2,1.319563836E-1,-9.648220539E-1,9.742122370E-1
6.579112044E0,5.691668764E-2,1.522256881E-1,-9.569779634E-1,9.706796547E-1
6.589112044E0,8.127517998E-2,1.875635982E-1,-9.483204484E-1,9.701017633E-1
6.599112044E0,1.023248360E-1,2.239320576E-1,-9.388485551E-1,9.705939150E-1
6.609112044E0,1.180077493E-1,2.609063089E-1,-9.285504818E-1,9.717015633E-1
6.619112044E0,1.328772902E-1,2.919527292E-1,-9.188741446E-1,9.732535455E-1
6.629112044E0,1.466502696E-1,3.178474605E-1,-9.096226096E-1,9.746520413E-1
6.639112044E0,1.577095389E-1,3.397243321E-1,-9.002869725E-1,9.750905360E-1
6.649112044E0,1.650937349E-1,3.554934859E-1,-8.915495872E-1,9.739056558E-1
6.659112044E0,1.679416001E-1,3.687384129E-1,-8.819339871E-1,9.705565186E-1
6.669112044E0,1.678404510E-1,3.794857562E-1,-8.733850718E-1,9.669443312E-1
6.679112044E0,1.627590209E-1,3.880240023E-1,-8.645051122E-1,9.614687796E-1
6.689112044E0,1.526387483E-1,3.952634037E-1,-8.568270802E-1,9.558683964E-1
6.699112044E0,1.371027678E-1,4.023526907E-1,-8.488924503E-1,9.493699220E-1
6.709112044E0,1.171592474E-1,4.100956917E-1,-8.413879275E-1,9.433124669E-1
6.719112044E0,9.279010445E-2,4.166473448E-1,-8.347415328E-1,9.375491667E-1
6.729112044E0,6.590207666E-2,4.220641255E-1,-8.290064335E-1,9.325947011E-1
6.739112044E0,3.869572282E-2,4.277747571E-1,-8.236769438E-1,9.289414995E-1
6.749112044E0,1.258486696E-2,4.340581298E-1,-8.192363977E-1,9.272071582E-1
6.759112044E0,-1.098793745E-2,4.422823191E-1,-8.158700466E-1,9.281046910E-1
6.769112044E0,-3.224519640E-2,4.527517855E-1,-8.127847910E-1,9.309366511E-1
6.779112044E0,-5.034904927E-2,4.663533568E-1,-8.103777170E-1,9.363399620E-1
6.789112044E0,-6.546770781E-2,4.843741953E-1,-8.082388639E-1,9.445392756E-1
6.799112044E0,-7.693472505E-2,5.052194595E-1,-8.069677353E-1,9.551767271E-1
6.809112044E0,-8.636938781E-2,5.281630754E-1,-8.053410053E-1,9.669488302E-1
6.819112044E0,-9.314994514E-2,5.536979437E-1,-8.043732643E-1,9.809559998E-1
6.829112044E0,-9.642791003E-2,5.802580714E-1,-8.029200435E-1,9.953282712E-1
6.839112044E0,-9.241429716E-2,6.002303362E-1,-8.026155829E-1,1.006483300E0
6.849112044E0,-8.154452592E-2,6.139628887E-1,-8.025878668E-1,1.013778685E0
6.859112044E0,-6.361101568E-2,6.260484457E-1,-8.022748828E-1,1.019621501E0
6.869112044E0,-4.060032964E-2,6.357684135E-1,-8.017542958E-1,1.024040924E0
6.879112044E0,-1.427015942E-2,6.438893080E-1,-8.001456261E-1,1.027146582E0
6.889112044E0,1.365693845E-2,6.486577392E-1,-7.983890176E-1,1.028770333E0
6.899112044E0,4.289032519E-2,6.514427662E-1,-7.948832512E-1,1.028618802E0
6.909112044E0,7.235260308E-2,6.507284045E-1,-7.910633683E-1,1.026870785E0
6.919112044E0,1.015434042E-1,6.490857005E-1,-7.858861089E-1,1.024324307E0
6.929112044E0,1.304190755E-1,6.428289413E-1,-7.801765800E-1,1.019271151E0
6.939112044E0,1.560465991E-1,6.344184875E-1,-7.730138302E-1,1.012120418E0
6.949112044E0,1.790295988E-1,6.209605932E-1,-7.659234405E-1,1.002138899E0
6.959112044E0,1.978361160E-1,6.045228839E-1,-7.574597001E-1,9.891067906E-1
6.969112044E0,2.115792781E-1,5.847720504E-1,-7.489278913E-1,9.734562795E-1
6.979112044E0,2.165893763E-1,5.675827265E-1,-7.384743690E-1,9.562455245E-1
6.989112044E0,2.133561373E-1,5.513355732E-1,-7.272724509E-1,9.372390162E-1
6.999112044E0,2.026503235E-1,5.323874354E-1,-7.153114676E-1,9.144255195E-1
7.009112044E0,1.855844706E-1,5.109918118E-1,-7.026605606E-1,8.884177457E-1
7.019112044E0,1.644719988E-1,4.859263897E-1,-6.901065707E-1,8.598968389E-1
7.029112044E0,1.401230842E-1,4.576692581E-1,-6.762569547E-1,8.285041323E-1
7.039112044E0,1.148745716E-1,4.263322055E-1,-6.619484425E-1,7.956953293E-1
7.049112044E0,8.955259621E-2,3.919236958E-1,-6.460078955E-1,7.608876736E-1
7.059112044E0,6.677612662E-2,3.539487123E-1,-6.298246384E-1,7.255465644E-1
7.069112044E0,4.613102600E-2,3.141255677E-1,-6.125458479E-1,6.899386636E-1
7.079112044E0,3.071107902E-2,2.746835351E-1,-5.941715837E-1,6.553122047E-1
7.089112044E0,1.914718188E-2,2.380744666E-1,-5.737096071E-1,6.214408898E-1
7.099112044E0,1.226973999E-2,2.035084069E-1,-5.520190597E-1,5.884651735E-1
7.109112044E0,9.052459151E-3,1.711205542E-1,-5.284377337E-1,5.555273436E-1
7.119112044E0,9.891379625E-3,1.419691443E-1,-5.038705468E-1,5.235824723E-1
7.129112044E0,1.411153097E-2,1.153568476E-1,-4.780301154E-1,4.919543971E-1
7.139112044E0,1.950276457E-2,9.294128418E-2,-4.512262046E-1,4.611111882E-1
7.149112044E0,2.672407776E-2,7.385797799E-2,-4.231532514E-1,4.303810537E-1
